TERM,SubCategory,2025,2026,Total_2025_2026
1-glutathione peroxidase,Inflammation & Immunity,0,1,1
1-gpx4 signaling pathway,Inflammation & Immunity,0,1,1
1-hour exposure,Animal Models,1,0,1
2-h postprandial glucose,Inflammation & Immunity,0,1,1
3 phosphorylation,Inflammation & Immunity,0,1,1
7nachr agonist,Inflammation & Immunity,0,1,1
7nachr axis,Inflammation & Immunity,1,0,1
7nachr inhibitor,Inflammation & Immunity,0,1,1
7nachr-dependent mechanism,Inflammation & Immunity,0,1,1
7nachr-mediated activation,Inflammation & Immunity,0,1,1
7nachr-mediated anti-inflammatory pathway,Inflammation & Immunity,0,1,1
7nachr-mediated pro-myelination axis,Inflammation & Immunity,0,1,1
[c-11]ucb-j,Inflammation & Immunity,1,0,1
aav-shalk5 injection,Inflammation & Immunity,0,1,1
absorption glycerophospholipid metabolism,Inflammation & Immunity,1,0,1
acceptable level,Inflammation & Immunity,2,0,2
acetyltransferase deletion,Inflammation & Immunity,1,0,1
activating specific glutamatergic neurons,Inflammation & Immunity,1,0,1
acute coronary syndrome,Autonomic & Cardiovascular,0,1,1
acute ischaemic stroke,Stroke & Brain Injury,1,0,1
acute mental stress,Autonomic & Cardiovascular,3,0,3
acute mental stress-induced sympathetic arousal,Autonomic & Cardiovascular,1,0,1
acute mental stressors,Autonomic & Cardiovascular,1,0,1
acute myocardial infarction,Autonomic & Cardiovascular,1,0,1
acute phase post-reperfusion,Stroke & Brain Injury,0,1,1
acute st-segment elevation,Autonomic & Cardiovascular,0,1,1
acute st-segment elevation myocardial infarction,Autonomic & Cardiovascular,0,1,1
acute stress condition,Autonomic & Cardiovascular,1,0,1
acute stress paradigm,Autonomic & Cardiovascular,1,0,1
acute stress-induced cardiovascular arousal,Autonomic & Cardiovascular,1,0,1
acute stress-induced memory deficits,Autonomic & Cardiovascular,1,0,1
acute sympathetic stress response,Autonomic & Cardiovascular,1,0,1
addressing acute mental stress-induced arousal,Autonomic & Cardiovascular,1,0,1
adhd model,Animal Models,1,0,1
adhd model group,Animal Models,1,0,1
adhd model rats,Animal Models,1,0,1
adhd model rats behavior,Animal Models,1,0,1
adipose tissue,Inflammation & Immunity,2,0,2
adipose tissue browning,Inflammation & Immunity,1,0,1
adult male mice,Animal Models,1,0,1
adverse events heart rate,Autonomic & Cardiovascular,1,0,1
akkermansia muciniphila,Animal Models,0,1,1
alanine aminotransferase,Inflammation & Immunity,1,0,1
alk5 expression,Inflammation & Immunity,0,1,1
alk5 phosphorylation,Inflammation & Immunity,0,1,1
alk5-dependent manner,Inflammation & Immunity,0,1,1
alpha 7nachrs,Inflammation & Immunity,1,0,1
alpha interleukin,Inflammation & Immunity,1,0,1
alpha-2a adrenergic receptors,Inflammation & Immunity,0,1,1
alpha-7 nicotinic acetylcholine receptor,Inflammation & Immunity,1,0,1
alpha-amylase,Inflammation & Immunity,1,0,1
alpha7nachr,Inflammation & Immunity,0,1,1
altered interoception,Autonomic & Cardiovascular,1,0,1
altering cardiac resident macrophage function,Inflammation & Immunity,1,0,1
altering protein level,Inflammation & Immunity,1,0,1
ameliorating intestinal inflammatory microenvironment,Inflammation & Immunity,1,0,1
ameliorating obesity,Inflammation & Immunity,0,1,1
amino acid metabolism,Inflammation & Immunity,1,0,1
aneurysm,Stroke & Brain Injury,1,0,1
antagonist administration,Inflammation & Immunity,1,0,1
antagonist methyllycaconitine,Inflammation & Immunity,1,0,1
anterior circulation lvo,Stroke & Brain Injury,1,0,1
anterior circulation lvo patients,Stroke & Brain Injury,1,0,1
anthranilic acid,Inflammation & Immunity,1,0,1
anti-inflammation neuroprotection,Inflammation & Immunity,0,1,1
anti-inflammatory cytokine level,Inflammation & Immunity,1,0,1
anti-inflammatory microglial marker arg1,Inflammation & Immunity,0,1,1
anti-inflammatory profile,Inflammation & Immunity,0,1,1
anti-obesity effects,Inflammation & Immunity,1,1,2
anticipating synergistic regulation,Inflammation & Immunity,1,0,1
anticoagulation,Stroke & Brain Injury,1,0,1
antioxidant-related proteins,Inflammation & Immunity,0,1,1
anxiety autism,Animal Models,1,0,1
aom mice,Animal Models,0,1,1
arachidonic acid metabolism,Inflammation & Immunity,1,0,1
arterial baroreceptors,Autonomic & Cardiovascular,1,0,1
arterial baroreflex sensitivity,Autonomic & Cardiovascular,0,1,1
arterial blood pressure,Autonomic & Cardiovascular,0,1,1
arterial vasomotion,Stroke & Brain Injury,1,0,1
arterial vasomotion event,Stroke & Brain Injury,1,0,1
astrocyte activation,Inflammation & Immunity,0,1,1
astrocyte dysfunction,Inflammation & Immunity,0,1,1
astrocyte gfap reactivity,Inflammation & Immunity,0,1,1
astrocytes,Inflammation & Immunity,0,1,1
asynchronous visuo-cardiac,Autonomic & Cardiovascular,1,0,1
atrial diameter,Autonomic & Cardiovascular,1,0,1
atrial fibrillation severity scale,Autonomic & Cardiovascular,1,0,1
autism model,Animal Models,1,0,1
autoimmune condition,Inflammation & Immunity,1,0,1
autonomic,Autonomic & Cardiovascular,1,1,2
autonomic biomarker,Inflammation & Immunity,0,1,1
autonomic biomarkers,Inflammation & Immunity,0,1,1
autonomic cardiac regulation,Autonomic & Cardiovascular,1,0,1
autonomic composite score,Autonomic & Cardiovascular,1,0,1
autonomic dysregulation,Autonomic & Cardiovascular,1,1,2
autonomic failure,Autonomic & Cardiovascular,1,0,1
autonomic feature,Autonomic & Cardiovascular,1,0,1
autonomic function symptom severity,Autonomic & Cardiovascular,0,1,1
autonomic homeostasis increases,Autonomic & Cardiovascular,1,0,1
autonomic imbalance,Autonomic & Cardiovascular,2,1,3
autonomic modalities,Autonomic & Cardiovascular,0,1,1
autonomic nervous system activation,Autonomic & Cardiovascular,1,0,1
autonomic nervous system disorders,Autonomic & Cardiovascular,1,0,1
autonomic nervous system functionality,Autonomic & Cardiovascular,1,0,1
autonomic neuroendocrine,Autonomic & Cardiovascular,0,1,1
autonomic outcomes,Autonomic & Cardiovascular,0,1,1
autonomic output,Autonomic & Cardiovascular,1,0,1
autonomic parameter,Autonomic & Cardiovascular,0,1,1
autonomic pathways modulation,Autonomic & Cardiovascular,1,0,1
autonomic recovery,Autonomic & Cardiovascular,0,1,1
autonomic stability,Autonomic & Cardiovascular,0,1,1
autonomic symptom burden,Autonomic & Cardiovascular,0,1,1
axonal remodeling,Stroke & Brain Injury,1,0,1
b expression,Inflammation & Immunity,1,0,1
backgroundendothelial dysfunction,Stroke & Brain Injury,1,0,1
backgroundintracerebral hemorrhage,Stroke & Brain Injury,1,0,1
backgroundnon-invasive neuromodulation presents,Cognitive Function,1,0,1
balancing duodenal immune response,Inflammation & Immunity,1,0,1
basal cortisol level,Inflammation & Immunity,1,0,1
baseline heart rate variability,Autonomic & Cardiovascular,1,0,1
basic protein,Inflammation & Immunity,1,0,1
bdnf concentrations,Inflammation & Immunity,0,1,1
bdnf expression level,Inflammation & Immunity,1,0,1
bdnf level,Inflammation & Immunity,1,1,2
bile acid metabolism,Inflammation & Immunity,1,0,1
biochemical outcomes,Inflammation & Immunity,0,1,1
biochemical sensors,Inflammation & Immunity,0,1,1
bioinformatic analysis,Inflammation & Immunity,1,0,1
biological stratification,Inflammation & Immunity,1,0,1
biomarker concentrations,Inflammation & Immunity,0,1,1
biomarker identification,Inflammation & Immunity,1,0,1
biomarker selection,Inflammation & Immunity,0,1,1
bl6 mice,Animal Models,0,1,1
blood lactate concentration,Inflammation & Immunity,0,1,1
blood oxygen level,Stroke & Brain Injury,1,0,1
blood oxygen levels-alongside,Stroke & Brain Injury,0,1,1
blood oxygenation,Stroke & Brain Injury,0,1,1
blood pressure and heart rate,Autonomic & Cardiovascular,1,0,1
blood pressure heart rate,Autonomic & Cardiovascular,0,1,1
blood pressure measure,Autonomic & Cardiovascular,1,0,1
blood pressure measurement,Autonomic & Cardiovascular,0,1,1
blood pressure regulation,Autonomic & Cardiovascular,0,1,1
blood pressure value,Autonomic & Cardiovascular,1,0,1
blood pressure variability,Autonomic & Cardiovascular,1,1,2
blood sampling,Stroke & Brain Injury,1,0,1
blood transfusions,Stroke & Brain Injury,1,0,1
bnp level,Inflammation & Immunity,0,1,1
body weight gain,Inflammation & Immunity,1,0,1
body weight gain body,Inflammation & Immunity,1,0,1
bp reductions,Autonomic & Cardiovascular,0,1,1
bradycardia hypotension,Autonomic & Cardiovascular,0,1,1
bradycardia hypotension infection,Autonomic & Cardiovascular,1,0,1
brain derived neurotrophic factor,Cognitive Function,1,0,1
brain injuries,Stroke & Brain Injury,1,1,2
brain nlrp3,Inflammation & Immunity,1,0,1
brain nlrp3 level,Inflammation & Immunity,1,0,1
brain-derived neurotrophic factor interleukin,Cognitive Function,0,1,1
brain-derived neurotrophic factor s100,Cognitive Function,0,1,1
branched-chain amino acid,Inflammation & Immunity,2,0,2
broad cardioprotection,Autonomic & Cardiovascular,0,1,1
brown adipose tissue,Inflammation & Immunity,1,0,1
butyrylcholinesterase level,Inflammation & Immunity,1,0,1
c male mice,Animal Models,1,0,1
c-c chemokine receptor type,Inflammation & Immunity,1,0,1
calcium-binding protein beta,Inflammation & Immunity,0,1,1
caloric load,Inflammation & Immunity,1,0,1
caloric value,Inflammation & Immunity,1,0,1
candidate biomarker,Inflammation & Immunity,1,1,2
capturing short-term glycemic fluctuations,Inflammation & Immunity,1,0,1
cardiac autonomic modulation inflammation,Autonomic & Cardiovascular,0,1,1
cardiac domain,Autonomic & Cardiovascular,1,0,1
cardiac fibrosis,Autonomic & Cardiovascular,1,0,1
cardiac output,Autonomic & Cardiovascular,2,0,2
cardiac remodeling,Autonomic & Cardiovascular,1,0,1
cardiac resident macrophages,Inflammation & Immunity,1,0,1
cardiac stress response,Autonomic & Cardiovascular,1,0,1
cardiac structure,Autonomic & Cardiovascular,0,1,1
cardiac variability,Autonomic & Cardiovascular,1,0,1
cardio-vagal baroreflex gain,Autonomic & Cardiovascular,1,0,1
cardiogenic shock,Autonomic & Cardiovascular,2,0,2
cardiological screening,Autonomic & Cardiovascular,1,0,1
cardiorespiratory fitness,Autonomic & Cardiovascular,1,0,1
cardiorespiratory measure,Autonomic & Cardiovascular,1,0,1
cardiovagal activity,Autonomic & Cardiovascular,2,0,2
cardiovascular autonomic neuropathy,Autonomic & Cardiovascular,1,0,1
cardiovascular conditioning,Autonomic & Cardiovascular,1,0,1
cardiovascular disorders,Autonomic & Cardiovascular,1,0,1
cardiovascular indices,Autonomic & Cardiovascular,1,0,1
catecholamine,Inflammation & Immunity,0,1,1
causing pain inflammation,Inflammation & Immunity,0,1,1
cell viability,Inflammation & Immunity,1,0,1
cellular immunity,Inflammation & Immunity,0,1,1
central blood pressures,Autonomic & Cardiovascular,0,1,1
cerebral arteries,Stroke & Brain Injury,1,0,1
cerebral edema,Stroke & Brain Injury,0,1,1
cerebral hemorrhage,Stroke & Brain Injury,0,1,1
cerebral oedema,Stroke & Brain Injury,0,1,1
cerebral oedema volume,Stroke & Brain Injury,0,1,1
cerebrospinal fluid influx,Stroke & Brain Injury,1,0,1
chemicals,Inflammation & Immunity,1,0,1
chemogenetic approach,Inflammation & Immunity,0,1,1
chemogenetic inhibition,Inflammation & Immunity,0,1,1
chemogenetic methodology,Inflammation & Immunity,1,0,1
chemogenetic ntsglp-1 activation ea,Inflammation & Immunity,0,1,1
chemogenetic technology,Inflammation & Immunity,1,0,1
cholinergic circuits,Inflammation & Immunity,1,0,1
cholinergic neural network,Inflammation & Immunity,1,0,1
cholinergic neurotransmission,Inflammation & Immunity,1,0,1
chronic heart failure,Autonomic & Cardiovascular,4,0,4
chronic stress,Autonomic & Cardiovascular,1,0,1
chronic stress condition,Autonomic & Cardiovascular,1,0,1
circulating biomarkers,Inflammation & Immunity,0,1,1
circulatory issues,Autonomic & Cardiovascular,1,0,1
cleaved caspase-3 hsc70,Inflammation & Immunity,1,0,1
closed-loop neurostimulation,Cognitive Function,1,0,1
coagulation pathways,Stroke & Brain Injury,1,0,1
coeruleus-induced modifications,Inflammation & Immunity,1,0,1
collagen reaction,Inflammation & Immunity,0,1,1
combining animal model,Animal Models,1,0,1
combining middle cerebral artery occlusion,Stroke & Brain Injury,0,1,1
common metabolic disorder,Inflammation & Immunity,1,0,1
composite autonimic symptom score,Autonomic & Cardiovascular,0,1,1
composite autonomic symptom score-31,Autonomic & Cardiovascular,0,1,1
compromising long-term glycaemic control,Inflammation & Immunity,0,1,1
consistent immunomodulatory effects,Inflammation & Immunity,0,1,1
continuous glucose monitoring,Inflammation & Immunity,4,0,4
contrast heart rate variability,Autonomic & Cardiovascular,0,1,1
control rats,Animal Models,1,0,1
controlling blood pressure,Autonomic & Cardiovascular,1,0,1
coordinating tumor-necrosis factor,Inflammation & Immunity,1,0,1
core pathway,Inflammation & Immunity,1,0,1
cortisol concentrations,Inflammation & Immunity,1,0,1
cortisol level,Inflammation & Immunity,0,1,1
cortisol reduction,Inflammation & Immunity,1,0,1
crf,Inflammation & Immunity,0,1,1
crf expression,Inflammation & Immunity,0,1,1
crf1r aligning,Inflammation & Immunity,0,1,1
crf1r expression,Inflammation & Immunity,0,1,1
crf1r pathway,Inflammation & Immunity,0,1,1
crf1r signaling pathway,Inflammation & Immunity,0,1,1
crf2r expression,Inflammation & Immunity,0,1,1
cums rats,Animal Models,1,0,1
cums treatment,Animal Models,1,0,1
cumulative exposure,Animal Models,1,0,1
cytokine dysregulation,Inflammation & Immunity,1,0,1
cytokine level,Inflammation & Immunity,1,1,2
d-aspartate type subunit,Inflammation & Immunity,0,1,1
d-dimer fibrinogen procalcitonin,Inflammation & Immunity,1,0,1
d-lactate dao bile acids,Inflammation & Immunity,0,1,1
daytime ambulatory bp monitoring,Autonomic & Cardiovascular,0,1,1
daytime diastolic bp,Autonomic & Cardiovascular,0,1,1
dbp bp variability heart,Autonomic & Cardiovascular,0,1,1
deleterious inflammatory response,Inflammation & Immunity,1,0,1
dependent pathway,Inflammation & Immunity,1,0,1
detailed autonomic functional assessment,Autonomic & Cardiovascular,0,1,1
dextran sodium sulfate,Inflammation & Immunity,0,1,1
dextran sulfate sodium,Inflammation & Immunity,0,1,1
diabetes blood glucose,Inflammation & Immunity,1,0,1
diabetes care,Inflammation & Immunity,1,0,1
diastolic dysfunction,Autonomic & Cardiovascular,1,0,1
diet-induced obesity,Inflammation & Immunity,0,1,1
differential metabolites,Inflammation & Immunity,1,0,1
digital pressure algometer,Autonomic & Cardiovascular,1,0,1
distension pressures,Autonomic & Cardiovascular,0,1,1
dopamine synthesis,Inflammation & Immunity,1,0,1
dopaminergic neurotransmission,Inflammation & Immunity,1,0,1
downregulating branched-chain alpha-ketoacid dehydrogenase kinase,Inflammation & Immunity,1,0,1
downstream cytokine expression,Inflammation & Immunity,0,1,1
downstream effects,Inflammation & Immunity,0,1,1
downstream inflammatory factor,Inflammation & Immunity,0,1,1
driven autoregressive method,Autonomic & Cardiovascular,1,0,1
driving long-lasting neural plasticity,Stroke & Brain Injury,1,0,1
driving sphingolipid metabolic dysregulation,Inflammation & Immunity,1,0,1
drn-serotonergic system,Inflammation & Immunity,1,0,1
drug-refractory paroxysmal sympathetic hyperactivity,Autonomic & Cardiovascular,0,1,1
dss exposure,Animal Models,0,1,1
dysbalance,Autonomic & Cardiovascular,0,1,1
early-stage coagulation disorder,Stroke & Brain Injury,1,0,1
ecg arterial pressure,Autonomic & Cardiovascular,0,1,1
effective neuromodulation method,Cognitive Function,0,1,1
effective non-invasive neuromodulation strategy,Cognitive Function,1,0,1
effective transcutaneous neuromodulation,Cognitive Function,1,0,1
efficacy sensitivity biomarkers,Inflammation & Immunity,1,0,1
elevated bp,Autonomic & Cardiovascular,0,1,1
elevated serum level,Inflammation & Immunity,1,0,1
elisa method,Inflammation & Immunity,1,0,1
emerging neuromodulation technique,Cognitive Function,1,0,1
emerging non-invasive neuromodulation technique,Cognitive Function,1,0,1
endothelial dysfunction,Stroke & Brain Injury,1,0,1
endothelial dysfunction model,Stroke & Brain Injury,1,0,1
endothelial hyaluronan receptor,Stroke & Brain Injury,1,0,1
enhanced neuroplasticity markers,Stroke & Brain Injury,0,1,1
enhancing glycemic control,Inflammation & Immunity,1,0,1
enhancing neuroplasticity,Stroke & Brain Injury,0,1,1
epididymal white adipose tissue,Inflammation & Immunity,1,0,1
erythroid 2-related factor,Inflammation & Immunity,0,1,1
excessive central sympathetic activity,Autonomic & Cardiovascular,0,1,1
experimental rats,Animal Models,0,1,1
exploring brain-heart dynamics,Autonomic & Cardiovascular,1,0,1
exploring multiple antiinflammatory pathways,Inflammation & Immunity,1,0,1
exposed tarantula,Animal Models,1,0,1
exposure treatment,Animal Models,1,0,1
exposure-based treatment,Animal Models,1,0,1
expression promotion,Inflammation & Immunity,0,1,1
fasting blood glucose level,Inflammation & Immunity,1,0,1
fasting c-peptide fasting insulin homa-ir isi,Inflammation & Immunity,0,1,1
fat percentage,Inflammation & Immunity,1,0,1
fatty acids,Inflammation & Immunity,1,0,1
fd rats,Animal Models,0,1,1
fdg pet uptake,Animal Models,1,0,1
fear tachycardia,Autonomic & Cardiovascular,1,0,1
female sprague-dawley rats,Animal Models,1,0,1
female vpa-exposed mice,Animal Models,1,0,1
female wild-type groningen rats,Animal Models,1,0,1
fine-tuning regulation,Inflammation & Immunity,1,0,1
fingertip-based photoplethysmography,Autonomic & Cardiovascular,1,0,1
fingertip-based photoplethysmography sensors,Autonomic & Cardiovascular,1,0,1
first hepatic portal occlusion,Inflammation & Immunity,1,0,1
flow cytometry,Inflammation & Immunity,1,0,1
folate receptor,Inflammation & Immunity,1,0,1
following acute ischemic stroke,Stroke & Brain Injury,1,0,1
following hemorrhagic stroke,Stroke & Brain Injury,1,0,1
following intracerebral hemorrhage,Stroke & Brain Injury,1,1,2
following subarachnoid hemorrhage,Stroke & Brain Injury,1,0,1
following traumatic brain injury,Stroke & Brain Injury,0,1,1
food intake body weight,Inflammation & Immunity,1,0,1
forefinger photoplethysmographic,Autonomic & Cardiovascular,1,0,1
functional capacity serum,Inflammation & Immunity,0,1,1
future neuromodulation-based strategy,Cognitive Function,1,0,1
future rodent research,Animal Models,1,0,1
gadd45 beta,Inflammation & Immunity,0,2,2
gadd45 beta expression,Inflammation & Immunity,0,1,1
gadd45 beta pathway,Inflammation & Immunity,0,1,1
gfap iba1,Inflammation & Immunity,1,0,1
glial cells,Inflammation & Immunity,1,1,2
glial fibrillary acidic protein,Inflammation & Immunity,1,0,1
glp-1 5-ht il-6 il-10 tnf-alpha,Inflammation & Immunity,0,1,1
glp-1 neurons,Inflammation & Immunity,0,1,1
glp-1 receptor agonist,Inflammation & Immunity,1,0,1
glu content,Inflammation & Immunity,0,1,1
glu level,Inflammation & Immunity,0,1,1
glucagon-like peptide-1,Inflammation & Immunity,0,2,2
glucose regulation,Inflammation & Immunity,1,0,1
glucose variability,Inflammation & Immunity,2,0,2
glutamate ionotropic receptor,Inflammation & Immunity,0,1,1
glutamate level,Inflammation & Immunity,0,1,1
glutamatergic activity,Inflammation & Immunity,1,0,1
glutamatergic neurons,Inflammation & Immunity,0,1,1
glutamatergic pathways,Inflammation & Immunity,1,0,1
glutamatergic tans,Inflammation & Immunity,1,0,1
glutathione peroxidase,Inflammation & Immunity,0,1,1
glycaemic control,Inflammation & Immunity,0,1,1
glycemic control,Inflammation & Immunity,1,0,1
glycemic level,Inflammation & Immunity,1,0,1
glycyrrhizic acid,Inflammation & Immunity,0,1,1
golgi-cox staining,Inflammation & Immunity,0,1,1
groups blood pressure value,Autonomic & Cardiovascular,1,0,1
growth status,Inflammation & Immunity,0,1,1
haemoglobin change,Stroke & Brain Injury,0,1,1
healthy rat brain,Animal Models,1,0,1
healthy rats,Animal Models,1,0,1
heart failure with preserved ejection fraction,Autonomic & Cardiovascular,0,1,1
heart rate (hr),Autonomic & Cardiovascular,0,1,1
heart rate maximum,Autonomic & Cardiovascular,1,0,1
heart rate minimum,Autonomic & Cardiovascular,1,0,1
heart rate reactivity,Autonomic & Cardiovascular,1,0,1
heart rate variability indicators,Autonomic & Cardiovascular,1,0,1
heart rate variability indices,Autonomic & Cardiovascular,0,1,1
heart rate variability responses,Autonomic & Cardiovascular,1,0,1
heart rate variability safety,Autonomic & Cardiovascular,1,0,1
heart-brain neuromodulation,Cognitive Function,1,0,1
heart-brain remodeling,Autonomic & Cardiovascular,2,0,2
heart-cea connectivity,Autonomic & Cardiovascular,1,0,1
heart-cea remodeling,Autonomic & Cardiovascular,1,0,1
hematoxylin-eosin nissl,Inflammation & Immunity,0,1,1
hemodynamic activity,Autonomic & Cardiovascular,0,1,1
hemodynamic autonomic,Autonomic & Cardiovascular,0,1,1
hemodynamic engagement,Autonomic & Cardiovascular,0,1,1
hemodynamic instability,Autonomic & Cardiovascular,1,0,1
hemoglobin level,Stroke & Brain Injury,1,0,1
hepatoprotective effects,Inflammation & Immunity,1,0,1
heroin-induced microglial activation,Inflammation & Immunity,1,0,1
hfpef mice,Animal Models,1,0,1
hfpef-induced cardiac remodeling,Autonomic & Cardiovascular,0,1,1
high fat diet mice,Inflammation & Immunity,1,0,1
high frequency-heart rate variability,Autonomic & Cardiovascular,1,0,1
high glucose,Inflammation & Immunity,0,1,1
high il-6 level,Inflammation & Immunity,0,1,1
high interoceptive prediction error,Autonomic & Cardiovascular,1,0,1
high sympathetic activity,Autonomic & Cardiovascular,0,1,1
high-fat diet-induced obese rats,Inflammation & Immunity,1,0,1
histology immunofluorescence,Inflammation & Immunity,1,0,1
hmgb1 protein,Inflammation & Immunity,0,1,1
hmgb1-mediated inflammatory pathway,Inflammation & Immunity,0,1,1
hmgb1-related pathways,Inflammation & Immunity,0,1,1
ho-1 pathway,Inflammation & Immunity,0,1,1
hrv pulse rate,Autonomic & Cardiovascular,0,1,1
human oral-nasal tract,Autonomic & Cardiovascular,0,1,1
hyperacute stroke,Stroke & Brain Injury,1,0,1
hyperadrenergic postural orthostatic tachycardia syndrome,Autonomic & Cardiovascular,0,1,1
hypoxic stress,Inflammation & Immunity,1,0,1
iba1 level,Inflammation & Immunity,1,0,1
il-1 beta level,Inflammation & Immunity,1,0,1
il-1 beta tnf-alpha,Inflammation & Immunity,1,0,1
il-17 alpha,Inflammation & Immunity,1,0,1
il-1r c-reactive protein,Inflammation & Immunity,1,0,1
il-2 il-4 il-5 il-6 il-10 il-12p70 il-17a m-csf ifn-gamma,Inflammation & Immunity,0,1,1
il-4 il-6 tnf-alpha hs-crp tgf-beta,Inflammation & Immunity,1,0,1
il-6 il-1 beta,Inflammation & Immunity,1,0,1
il-6 tnf- alpha,Inflammation & Immunity,1,0,1
il-6/jak2/stat3 signaling pathway,Inflammation & Immunity,0,1,1
immune cell number,Inflammation & Immunity,1,0,1
immune dysregulation,Inflammation & Immunity,0,1,1
immune dysregulation neuroinflammation,Inflammation & Immunity,1,0,1
immune modulation,Inflammation & Immunity,0,1,1
immune-inflammatory responses,Inflammation & Immunity,0,2,2
immunofluorescence staining,Inflammation & Immunity,0,2,2
immunohistochemical analysis,Inflammation & Immunity,1,0,1
immunohistochemical method,Inflammation & Immunity,1,0,1
immunoinflammatory pathways,Inflammation & Immunity,0,1,1
immunopathological responses,Inflammation & Immunity,0,1,1
immunoreactivity percentages,Inflammation & Immunity,1,0,1
immunoregulatory role,Inflammation & Immunity,0,1,1
impaired cardiovagal modulation,Autonomic & Cardiovascular,0,1,1
impaired weight gain,Inflammation & Immunity,0,1,1
impairing glycaemic efficacy,Inflammation & Immunity,0,1,1
improving blood pressure,Autonomic & Cardiovascular,0,1,1
improving blood pressure control,Autonomic & Cardiovascular,0,1,1
improving coagulation dysfunction,Stroke & Brain Injury,1,0,1
improving endothelial function,Stroke & Brain Injury,1,0,1
improving inflammation,Inflammation & Immunity,1,0,1
in-vitro exposure,Animal Models,1,0,1
in-vivo exposures,Animal Models,1,0,1
increasing antiinflammatory markers,Inflammation & Immunity,1,0,1
increasing heart rate variability,Autonomic & Cardiovascular,1,0,1
increasing relaxation,Autonomic & Cardiovascular,1,0,1
indicating consistent cardiovascular effects,Autonomic & Cardiovascular,1,0,1
individual level,Inflammation & Immunity,1,0,1
induced central injury,Stroke & Brain Injury,0,1,1
induced mouse,Animal Models,1,0,1
induced mouse model,Animal Models,0,1,1
inducing expression,Inflammation & Immunity,1,0,1
inflamma-tion,Inflammation & Immunity,0,1,1
inflammation bile acid,Inflammation & Immunity,1,0,1
inflammation control,Inflammation & Immunity,0,1,1
inflammatory disease,Inflammation & Immunity,0,2,2
inflammatory gene,Inflammation & Immunity,0,1,1
inflammatory load,Inflammation & Immunity,0,1,1
inflammatory marker,Inflammation & Immunity,1,0,1
inflammatory markers plasma neurotransmitter level,Inflammation & Immunity,1,0,1
inflammatory mediators,Inflammation & Immunity,0,1,1
inflammatory pathways,Inflammation & Immunity,0,1,1
inflammatory reaction,Inflammation & Immunity,1,0,1
inflammatory state,Inflammation & Immunity,0,1,1
inflammatory system,Inflammation & Immunity,1,0,1
influencing inflammatory factor pathways,Inflammation & Immunity,1,0,1
inhibiting central immune inflammation,Inflammation & Immunity,0,1,1
inhibiting sphk-s1p pathway,Inflammation & Immunity,1,0,1
insulin sensitivity,Inflammation & Immunity,1,0,1
interleukin-6,Inflammation & Immunity,0,1,1
interleukin-6 angiopoietin-2 systemic immune-inflammation index,Inflammation & Immunity,1,0,1
interoceptive ability,Autonomic & Cardiovascular,1,0,1
interscapular brown adipose tissue,Inflammation & Immunity,1,0,1
intervertebral disk issues,Stroke & Brain Injury,1,0,1
intervertebral foramen,Stroke & Brain Injury,1,0,1
intracerebral hemorrhage,Stroke & Brain Injury,1,1,2
intravascular coagulation,Stroke & Brain Injury,1,0,1
invasive neuromodulation technique,Cognitive Function,1,0,1
involving different neurotransmitters,Cognitive Function,1,0,1
ipsilateral injured cortex,Stroke & Brain Injury,0,1,1
ischaemic stroke,Stroke & Brain Injury,2,0,2
ischemic reperfusion injury,Stroke & Brain Injury,0,1,1
jak2 signaling pathway,Inflammation & Immunity,1,0,1
ketamine,Inflammation & Immunity,1,0,1
key biomarker,Inflammation & Immunity,1,0,1
key biomarkers,Inflammation & Immunity,0,1,1
key executive function,Cognitive Function,1,0,1
key inflammatory biomarkers,Inflammation & Immunity,0,1,1
key signaling pathways,Inflammation & Immunity,0,1,1
key sphingolipid metabolic enzymes,Inflammation & Immunity,1,0,1
laboratory exposure,Animal Models,1,0,1
lactic acid duration,Inflammation & Immunity,1,0,1
large vessel occlusion,Stroke & Brain Injury,2,0,2
large vessel occlusion stroke,Stroke & Brain Injury,1,0,1
largests cardiovagal modulatory capacity,Autonomic & Cardiovascular,1,0,1
left ventricular ejection fraction,Autonomic & Cardiovascular,1,0,1
left ventricular systolic function reductions,Autonomic & Cardiovascular,0,1,1
leukin-1 interleukin-6 tumor necrosis factor-alpha,Inflammation & Immunity,1,0,1
life stress levels masseter,Autonomic & Cardiovascular,0,1,1
life-threatening cardiovascular emergency,Autonomic & Cardiovascular,1,0,1
limited regulatory effect,Inflammation & Immunity,1,0,1
lipid metabolism,Inflammation & Immunity,1,0,1
lipid metabolism dysregulation,Inflammation & Immunity,1,0,1
lipid spectrum,Inflammation & Immunity,1,0,1
lipidomic analysis,Inflammation & Immunity,1,0,1
liquid chromatography-mass spectrometry,Inflammation & Immunity,1,0,1
liver exhibit,Inflammation & Immunity,1,0,1
liver function,Inflammation & Immunity,1,0,1
living tarantula,Animal Models,1,0,1
locus coeruleus norepinephrine,Inflammation & Immunity,0,1,1
locus coeruleus-norepinephrine activity,Inflammation & Immunity,1,1,2
low-grade chronic inflammation,Inflammation & Immunity,1,0,1
low-grade peripheral inflammation,Inflammation & Immunity,1,0,1
low-levelstimulation,Inflammation & Immunity,1,0,1
lps-induced rats,Animal Models,1,0,1
lymphatic vessel,Stroke & Brain Injury,1,0,1
lysophospholipid level,Inflammation & Immunity,1,0,1
m1-type macrophage markers,Inflammation & Immunity,0,1,1
macrophage polarization,Inflammation & Immunity,0,2,2
macrophage-mediated inflammatory responses,Inflammation & Immunity,0,1,1
macrophage-mediated mechanism,Inflammation & Immunity,1,0,1
macrophages,Inflammation & Immunity,1,0,1
major adverse cardiovascular event,Autonomic & Cardiovascular,1,0,1
major histocompatibility,Inflammation & Immunity,1,0,1
male mice,Animal Models,1,0,1
male sprague-dawley albino,Animal Models,1,0,1
male vpa-exposed mice,Animal Models,1,0,1
mapk pathway,Inflammation & Immunity,0,1,1
mature oligodendrocytes,Inflammation & Immunity,0,1,1
maximal cardiopulmonary exercise testing,Autonomic & Cardiovascular,1,0,1
mcao mice,Animal Models,1,0,1
mcp-1 il-18 mip-1 alpha,Inflammation & Immunity,1,0,1
mean arterial pressure,Autonomic & Cardiovascular,0,1,1
measurable autonomic responses,Autonomic & Cardiovascular,1,0,1
measuring cholinergic neurotransmission,Inflammation & Immunity,1,0,1
measuring salivary alpha-amylase,Inflammation & Immunity,0,1,1
mechanistic biomarkers,Inflammation & Immunity,0,1,1
mediated heart rate variability,Autonomic & Cardiovascular,1,0,1
mediating neuroinflammatory responses,Inflammation & Immunity,1,0,1
mental stress,Autonomic & Cardiovascular,0,1,1
mental stressor,Autonomic & Cardiovascular,1,0,1
merged single-cell rna,Inflammation & Immunity,1,0,1
metabolic diseases,Inflammation & Immunity,1,0,1
metabolic efficacy,Inflammation & Immunity,0,1,1
metabolic indices,Inflammation & Immunity,0,1,1
metabolic profiles,Inflammation & Immunity,1,1,2
metabolomics,Inflammation & Immunity,1,0,1
metagenomic profiling,Inflammation & Immunity,0,1,1
methodsa rat model,Animal Models,1,0,1
methodshigh-fat diet-induced obese rats,Inflammation & Immunity,0,1,1
methodssprague-dawley rats,Animal Models,0,1,1
methyllycaconitine pretreatment,Inflammation & Immunity,0,1,1
microglial-mediated neuroinflammation,Inflammation & Immunity,0,1,1
microneedle-based neuromodulation,Cognitive Function,0,1,1
middle cerebral arteries,Stroke & Brain Injury,1,0,1
mild tachypnea,Autonomic & Cardiovascular,0,1,1
mild traumatic brain injury,Stroke & Brain Injury,1,0,1
mitigating acute stress-induced arousal,Autonomic & Cardiovascular,1,0,1
mitigating acute stress-induced cardiovascular arousal,Autonomic & Cardiovascular,1,0,1
mitigating stress,Autonomic & Cardiovascular,0,1,1
mitogen-activated protein kinase,Inflammation & Immunity,0,1,1
mlck pathway,Inflammation & Immunity,1,0,1
model mice,Animal Models,0,1,1
modulating autonomic function,Autonomic & Cardiovascular,2,0,2
modulating autonomic nervous function,Autonomic & Cardiovascular,0,1,1
modulating autonomic responses,Autonomic & Cardiovascular,1,0,1
modulating microglial activation,Inflammation & Immunity,1,0,1
modulating neuroimmune function,Inflammation & Immunity,0,1,1
modulating neuroplasticity,Stroke & Brain Injury,0,1,1
modulating neurotransmitter release,Cognitive Function,1,0,1
modulating peripheral-central inflammatory cytokines,Inflammation & Immunity,1,0,1
molecular analysis,Inflammation & Immunity,1,1,2
morning salivary cortisol level,Inflammation & Immunity,1,0,1
mouse plasma,Animal Models,1,0,1
multi-pathway synergistic mechanism,Inflammation & Immunity,1,0,1
multimodal hepatoprotective strategy,Inflammation & Immunity,1,0,1
multiple cytokines-including,Inflammation & Immunity,0,1,1
muscarinic acetylcholine receptor,Inflammation & Immunity,1,0,1
muscarinic acetylcholine receptor activation,Inflammation & Immunity,1,0,1
muscarinic acetylcholine receptor antagonists,Inflammation & Immunity,1,0,1
muscarinic agonist-antagonist treatment,Inflammation & Immunity,0,1,1
myocardial damage,Autonomic & Cardiovascular,1,0,1
myocardial hypertrophy,Autonomic & Cardiovascular,1,0,1
myocardial infarct size,Autonomic & Cardiovascular,0,1,1
myocardial infarction,Autonomic & Cardiovascular,4,1,5
myocardial infarction-induced heart-brain remodeling,Autonomic & Cardiovascular,1,0,1
myocardial infarctions,Autonomic & Cardiovascular,0,1,1
myocardial injury,Autonomic & Cardiovascular,0,1,1
myocardial remodeling,Autonomic & Cardiovascular,0,1,1
nac microglia,Inflammation & Immunity,1,0,1
natriuretic peptide,Inflammation & Immunity,1,0,1
nesfatin-1,Inflammation & Immunity,0,1,1
nesfatin-1 crf,Inflammation & Immunity,0,1,1
neural injury,Stroke & Brain Injury,0,1,1
neural repair,Stroke & Brain Injury,0,1,1
neurexin-2 alpha,Inflammation & Immunity,2,0,2
neuro-and systemic immunomodulation,Inflammation & Immunity,1,0,1
neuro-inflammatory mediators,Inflammation & Immunity,1,0,1
neuroimmune function,Inflammation & Immunity,0,1,1
neuroimmune model,Inflammation & Immunity,0,1,1
neuroimmune pathway,Inflammation & Immunity,1,0,1
neuroimmune regulation,Inflammation & Immunity,0,1,1
neuroimmune regulatory network,Inflammation & Immunity,0,1,1
neuroinflammation level,Inflammation & Immunity,1,0,1
neuroinflammatory diseases,Inflammation & Immunity,0,1,1
neuroinflammatory response,Inflammation & Immunity,1,0,1
neuroligin-1,Inflammation & Immunity,1,0,1
neuromodulation effectiveness,Cognitive Function,1,0,1
neuromodulation study,Cognitive Function,0,1,1
neuromodulation technique,Cognitive Function,3,0,3
neuromodulation treatments,Cognitive Function,1,0,1
neuromodulation-based precision,Cognitive Function,1,0,1
neuromodulatory efficacy,Cognitive Function,0,1,1
neuromodulatory interventions,Cognitive Function,1,1,2
neuromodulatory mechanism,Cognitive Function,1,0,1
neuromodulatory system,Cognitive Function,1,0,1
neuropeptide y,Inflammation & Immunity,0,1,1
neuroplastic change,Stroke & Brain Injury,0,1,1
neurotransmitter expression,Cognitive Function,0,1,1
neurotrophic factor,Cognitive Function,1,0,1
neurotrophic factors,Cognitive Function,0,1,1
neurovisceral integration,Cognitive Function,1,0,1
neurovisceral integration framework,Cognitive Function,1,0,1
new neuromodulation technique,Cognitive Function,1,0,1
new pathway,Inflammation & Immunity,0,1,1
nf-kappa b activation,Inflammation & Immunity,0,1,1
ng-nitro arginine methyl ester,Inflammation & Immunity,1,0,1
nicotinic acetylcholine chloride receptor,Inflammation & Immunity,1,0,1
nlpr3 level,Inflammation & Immunity,1,0,1
nlrp3 level,Inflammation & Immunity,1,0,1
noise exposure,Animal Models,0,2,2
noise-exposed rat model,Animal Models,0,1,1
noise-exposed rats,Animal Models,0,1,1
non-activated glutamatergic neurons,Inflammation & Immunity,1,0,1
non-invasive neuromodulatory technique,Cognitive Function,0,1,1
non-invasive neurostimulation,Cognitive Function,1,0,1
non-invasive peripheral neuromodulation,Cognitive Function,1,0,1
non-invasive transcutaneous peripheral neuromodulation,Cognitive Function,1,0,1
noninvasive neuromodulation technique,Cognitive Function,1,2,3
noninvasive neuromodulatory strategy,Cognitive Function,0,1,1
noninvasive neuromodulatory technique,Cognitive Function,0,1,1
noradrenergic brain system,Inflammation & Immunity,1,0,1
noradrenergic neurotransmission,Inflammation & Immunity,1,0,1
noradrenergic release,Inflammation & Immunity,1,0,1
noradrenergic transmission,Inflammation & Immunity,1,0,1
normalizing weight,Inflammation & Immunity,0,1,1
nrf-2/ho-1 pathway,Inflammation & Immunity,0,1,1
o-glcnac modification,Inflammation & Immunity,1,0,1
o-glcnac modulation,Inflammation & Immunity,1,0,1
o-linked beta-n-acetylglucosamine (o-glcnac),Inflammation & Immunity,1,0,1
obesity mitigation,Inflammation & Immunity,0,1,1
objective biomarker,Inflammation & Immunity,1,0,1
objective biomarkers,Inflammation & Immunity,0,1,1
objective inflammation,Inflammation & Immunity,1,0,1
objective traumatic brain injury,Stroke & Brain Injury,0,1,1
off-pump coronary artery bypass,Autonomic & Cardiovascular,0,1,1
oliceridine fumarate,Inflammation & Immunity,1,0,1
oligodendrocyte,Inflammation & Immunity,1,0,1
oligodendrocyte precursor cells,Inflammation & Immunity,0,2,2
ongoing dss exposure,Animal Models,0,1,1
orexigenic peptide npy,Inflammation & Immunity,0,1,1
orexin level,Inflammation & Immunity,1,0,1
orexin-a,Inflammation & Immunity,1,0,1
orthostatic symptoms score,Autonomic & Cardiovascular,0,1,1
overlapping pathways,Inflammation & Immunity,1,0,1
oxidative stress level,Inflammation & Immunity,0,1,1
p-i kappa,Inflammation & Immunity,1,0,1
pain inflammation,Inflammation & Immunity,1,0,1
paroxysmal atrial fibrillation,Autonomic & Cardiovascular,2,0,2
paroxysmal atrial fibrillation patients,Autonomic & Cardiovascular,1,0,1
paroxysmal sympathetic hyperactivity,Autonomic & Cardiovascular,0,1,1
paroxysmal sympathetic hyperactivity syndrome,Autonomic & Cardiovascular,0,1,1
pathway agonist,Inflammation & Immunity,0,1,1
pathway inhibitor,Inflammation & Immunity,0,1,1
pbr28 signal,Inflammation & Immunity,1,0,1
peak oxygen consumption,Stroke & Brain Injury,1,0,1
percutaneous coronary intervention,Autonomic & Cardiovascular,1,0,1
peripheral inflammation bile acid,Inflammation & Immunity,1,0,1
peripheral neuromodulation,Cognitive Function,1,0,1
peripheral oxidative stress,Inflammation & Immunity,0,1,1
peripheral oxidative stress injury,Inflammation & Immunity,0,1,1
peripheral plasma,Inflammation & Immunity,0,1,1
peripheral plasma metabolites,Inflammation & Immunity,1,0,1
peripheral tissues,Stroke & Brain Injury,0,1,1
peripheral vasoconstriction,Stroke & Brain Injury,1,0,1
peripheral-central communication mechanism,Stroke & Brain Injury,0,1,1
peripheral-central inflammation network,Inflammation & Immunity,1,0,1
pet,Animal Models,1,0,1
pet ligands,Inflammation & Immunity,1,0,1
phosphorylated-janus kinase2,Inflammation & Immunity,1,0,1
phosphorylated-signal transducer,Inflammation & Immunity,1,0,1
photoplethysmography (ppg),Autonomic & Cardiovascular,1,1,2
physiological stress responses,Autonomic & Cardiovascular,1,0,1
pi3k-akt pathway modulation,Inflammation & Immunity,1,0,1
plasma metabolism mechanism,Inflammation & Immunity,1,0,1
plasma metabolites,Inflammation & Immunity,1,0,1
plasticity biomarkers,Inflammation & Immunity,0,1,1
platelet count,Stroke & Brain Injury,1,0,1
polar h10 cardiac sensor,Autonomic & Cardiovascular,1,0,1
positive cells,Inflammation & Immunity,1,0,1
possible glycemic effects,Inflammation & Immunity,1,0,1
post-ais inflammation,Inflammation & Immunity,1,0,1
post-noise exposure,Animal Models,0,1,1
post-traumatic cerebral oedema,Stroke & Brain Injury,0,1,1
post-traumatic stress disorder autism spectrum,Animal Models,1,0,1
post-traumatic stress disorder rats,Autonomic & Cardiovascular,0,1,1
postoperative liver function,Inflammation & Immunity,1,0,1
postoperative liver function dysfunction,Inflammation & Immunity,1,0,1
potent inflammatory cascade,Inflammation & Immunity,0,1,1
potent stressor,Autonomic & Cardiovascular,1,0,1
potential autonomic effects,Autonomic & Cardiovascular,0,1,1
potential central regulatory mechanism,Inflammation & Immunity,0,1,1
potential sensitivity efficacy biomarkers,Inflammation & Immunity,1,0,1
pre-existing brain tissue damage,Stroke & Brain Injury,0,1,1
precision neurostimulation,Cognitive Function,1,0,1
preclinical level,Inflammation & Immunity,1,0,1
predicting measurable central nervous system-autonomic nervous system,Autonomic & Cardiovascular,1,0,1
predictive biomarkers,Inflammation & Immunity,1,1,2
pregnant mice,Animal Models,1,0,1
preserving glycaemic control,Inflammation & Immunity,0,1,1
primary pathways,Inflammation & Immunity,1,0,1
primary percutaneous coronary intervention,Autonomic & Cardiovascular,0,1,1
primary surgical pathway,Inflammation & Immunity,1,0,1
prior exposure,Animal Models,1,0,1
pro-inflammatory cytokine production,Inflammation & Immunity,1,0,1
pro-inflammatory cytokine release,Inflammation & Immunity,1,0,1
pro-inflammatory microglial markers,Inflammation & Immunity,0,1,1
prolonged exposure,Animal Models,0,1,1
prolonged inflammation,Inflammation & Immunity,1,0,1
promising neuromodulation technique,Cognitive Function,1,1,2
promising neuromodulation therapy,Cognitive Function,1,0,1
promising neuromodulatory approach,Cognitive Function,0,2,2
promising non-invasive neuromodulation approach,Cognitive Function,0,1,1
promoting bcaa metabolism,Inflammation & Immunity,1,0,1
promoting neuroplasticity,Stroke & Brain Injury,0,2,2
promoting noradrenergic activation,Inflammation & Immunity,1,0,1
promoting weight loss,Inflammation & Immunity,1,0,1
propranolol dosage,Inflammation & Immunity,0,1,1
proreparative igf1,Inflammation & Immunity,1,0,1
protein phosphatase,Inflammation & Immunity,1,0,1
psd rat model,Animal Models,0,1,1
ptsd animals,Autonomic & Cardiovascular,0,1,1
ptsd rats,Autonomic & Cardiovascular,0,1,1
ptsd-like male mice,Autonomic & Cardiovascular,1,0,1
pulse 40-60s,Autonomic & Cardiovascular,1,0,1
pulse blood pressure,Autonomic & Cardiovascular,1,0,1
pulse rate,Autonomic & Cardiovascular,0,1,1
pulse rate variability,Autonomic & Cardiovascular,1,0,1
pulse width combinations,Autonomic & Cardiovascular,2,0,2
r zuk,Animal Models,0,1,1
radiographic cerebral vasospasm severity,Stroke & Brain Injury,1,0,1
ras-associated protein-1,Inflammation & Immunity,0,1,1
rate variability quality,Autonomic & Cardiovascular,0,1,1
rebalanced cardiovascular autonomic control,Autonomic & Cardiovascular,0,1,1
receptor alk5,Inflammation & Immunity,0,1,1
receptor alpha 7nachr,Inflammation & Immunity,1,0,1
receptor involvement,Inflammation & Immunity,0,1,1
recommended blood pressure,Autonomic & Cardiovascular,0,1,1
recurrent myocardial infarction,Autonomic & Cardiovascular,1,0,1
reduced serum glutathione,Inflammation & Immunity,0,1,1
reducing arrhythmia susceptibility,Autonomic & Cardiovascular,0,1,1
reducing hepatic injury,Inflammation & Immunity,1,0,1
reducing injury,Stroke & Brain Injury,0,1,1
reducing o-glcnac level,Inflammation & Immunity,1,0,1
reducing pro-inflammatory markers,Inflammation & Immunity,1,0,1
reducing sympathetic activity,Autonomic & Cardiovascular,1,0,1
regarding autonomic measurement value,Autonomic & Cardiovascular,1,0,1
regarding relaxation,Autonomic & Cardiovascular,1,0,1
regulating bcaa metabolism,Inflammation & Immunity,1,0,1
regulating glutamatergic neurons,Inflammation & Immunity,1,0,1
regulating inflammation,Inflammation & Immunity,1,0,1
regulating macrophage polarization,Inflammation & Immunity,0,1,1
regulation,Inflammation & Immunity,1,0,1
regulatory mechanism,Inflammation & Immunity,1,1,2
related biomarkers,Inflammation & Immunity,0,1,1
relative sympathetic overactivation,Autonomic & Cardiovascular,1,0,1
relaxation value,Autonomic & Cardiovascular,1,0,1
relevant heart rate variability,Autonomic & Cardiovascular,1,0,1
relevant heart rate variability parameter,Autonomic & Cardiovascular,1,0,1
remote ischemic conditioning,Stroke & Brain Injury,0,2,2
remote non-lethal cardiovascular event,Autonomic & Cardiovascular,1,0,1
repeated exposure,Animal Models,1,0,1
reperfusion injuries,Stroke & Brain Injury,0,1,1
reperfusion surgery,Stroke & Brain Injury,1,0,1
representing heart rate,Autonomic & Cardiovascular,1,0,1
representing heart rate blood pressure,Autonomic & Cardiovascular,1,0,1
resting respiratory sinus arrhythmia,Autonomic & Cardiovascular,1,0,1
restoring dopamine beta-hydroxylase expression,Inflammation & Immunity,1,0,1
restoring mitogen-activated protein kinase,Inflammation & Immunity,0,1,1
resulting spongy polymer,Stroke & Brain Injury,0,1,1
reversing acute stress-induced memory deficits,Autonomic & Cardiovascular,1,0,1
reward-related phasic dopamine shifts,Inflammation & Immunity,1,0,1
rodents,Animal Models,1,0,1
rome iv criterion,Inflammation & Immunity,1,0,1
routine hematology liver,Inflammation & Immunity,0,1,1
rrna gene sequencing,Inflammation & Immunity,1,0,1
s1p level,Inflammation & Immunity,1,0,1
safe neuromodulation technique,Cognitive Function,1,0,1
salivary alpha-amylase (saa),Inflammation & Immunity,0,1,1
salivary alpha-amylase level,Inflammation & Immunity,0,2,2
salivary markers,Inflammation & Immunity,1,0,1
salivary sample,Inflammation & Immunity,0,1,1
scale-heart failure,Autonomic & Cardiovascular,1,0,1
scores heart rate variability,Autonomic & Cardiovascular,1,0,1
sd rats,Animal Models,1,0,1
secondary brain injury,Stroke & Brain Injury,0,1,1
secondary cerebral oedema,Stroke & Brain Injury,0,1,1
secondary oxidative stress,Inflammation & Immunity,0,1,1
selective regulation,Inflammation & Immunity,0,1,1
sensor-based biomarkers,Inflammation & Immunity,0,1,1
sequencing data,Inflammation & Immunity,1,0,1
serial blood,Stroke & Brain Injury,1,0,1
serial sample,Stroke & Brain Injury,1,0,1
serial vessel caliber measurements,Stroke & Brain Injury,1,0,1
serotonergic pathways,Inflammation & Immunity,1,0,1
serotonin pathway,Inflammation & Immunity,1,0,1
serotonin synthesis,Inflammation & Immunity,1,0,1
serum acetylcholine level,Inflammation & Immunity,0,1,1
serum acetylcholinesterase,Inflammation & Immunity,1,0,1
serum ach,Inflammation & Immunity,1,0,1
serum analysis,Inflammation & Immunity,1,0,1
serum bdnf level,Inflammation & Immunity,1,0,1
serum biomarker level,Inflammation & Immunity,0,1,1
serum biomarkers,Inflammation & Immunity,1,0,1
serum level,Inflammation & Immunity,1,0,1
severe brain injury,Stroke & Brain Injury,1,0,1
severe cardiac arrhythmias,Autonomic & Cardiovascular,1,0,1
showing impaired cerebrospinal fluid,Stroke & Brain Injury,1,0,1
signal pathway,Inflammation & Immunity,1,0,1
signaling activity,Inflammation & Immunity,0,1,1
signaling cascade,Inflammation & Immunity,0,2,2
signaling pathway-related proteins,Inflammation & Immunity,1,0,1
signaling pathways,Inflammation & Immunity,1,1,2
significant bp change,Autonomic & Cardiovascular,0,1,1
single prolonged stress,Autonomic & Cardiovascular,0,1,1
single-cell rna sequencing,Inflammation & Immunity,1,0,1
sinoatrial node,Autonomic & Cardiovascular,0,1,1
sinus rhythm,Autonomic & Cardiovascular,1,0,1
slimming,Inflammation & Immunity,1,0,1
social stressor,Autonomic & Cardiovascular,1,0,1
sod level,Inflammation & Immunity,0,1,1
sodium valproate,Inflammation & Immunity,1,0,1
specific regulations,Inflammation & Immunity,1,0,1
sphingolipid metabolism,Inflammation & Immunity,2,0,2
sphingomyelin content,Inflammation & Immunity,1,0,1
sphingosine 1-phosphate receptor modulators,Inflammation & Immunity,1,0,1
sphingosine kinase inhibitor ski ii,Inflammation & Immunity,1,0,1
sphk inhibitor ski ii,Inflammation & Immunity,1,0,1
sphk-s1p,Inflammation & Immunity,1,0,1
sphk-s1p signaling axis,Inflammation & Immunity,1,0,1
sphk-s1p signaling pathway,Inflammation & Immunity,1,0,1
sphk2 mrna,Inflammation & Immunity,1,0,1
sphk2 mrna expression,Inflammation & Immunity,1,0,1
spinal excitability-was,Stroke & Brain Injury,0,1,1
spp1-expressing ccr2,Inflammation & Immunity,1,0,1
st-elevation myocardial infarction,Autonomic & Cardiovascular,1,0,1
stable symptomatic chronic heart failure,Autonomic & Cardiovascular,1,0,1
staining technique,Inflammation & Immunity,1,0,1
standardized in-vivo exposures,Animal Models,1,0,1
standardized neuromodulation protocol,Cognitive Function,0,1,1
stat3,Inflammation & Immunity,1,0,1
stat3 pathway,Inflammation & Immunity,1,1,2
stat3 pathway suppression,Inflammation & Immunity,0,1,1
stat3 signaling pathway,Inflammation & Immunity,0,1,1
stool sample acquisition,Stroke & Brain Injury,0,1,1
stress index parameter,Autonomic & Cardiovascular,1,0,1
stress regulation,Autonomic & Cardiovascular,0,1,1
stress scale,Autonomic & Cardiovascular,2,0,2
stress scale pulse,Autonomic & Cardiovascular,1,0,1
stress vulnerability,Autonomic & Cardiovascular,1,0,1
stress-induced cardiac disorder,Autonomic & Cardiovascular,0,1,1
stroke volume,Stroke & Brain Injury,1,0,1
stroke-heart syndrome,Stroke & Brain Injury,1,0,1
stroke-induced inflammatory process,Stroke & Brain Injury,0,1,1
stroke-specific quality,Stroke & Brain Injury,1,0,1
subsequent biochemical analysis,Inflammation & Immunity,1,0,1
substantial blood loss,Stroke & Brain Injury,1,0,1
suggesting pathways,Inflammation & Immunity,1,0,1
suggesting reduced sympathetic arousal,Autonomic & Cardiovascular,1,0,1
superoxide dismutase,Inflammation & Immunity,0,1,1
sustained blood pressure reduction,Autonomic & Cardiovascular,0,1,1
sympathetic dominance,Autonomic & Cardiovascular,1,0,1
sympathetic electrodermal activity,Autonomic & Cardiovascular,1,0,1
sympathetic hyperactivation,Autonomic & Cardiovascular,0,1,1
sympathetic nerve,Autonomic & Cardiovascular,0,1,1
sympathetic nerve fibers,Autonomic & Cardiovascular,0,1,1
sympathetic nerve system,Autonomic & Cardiovascular,0,1,1
sympathetic nervous activity,Autonomic & Cardiovascular,1,0,1
sympathetic nervous system activity,Autonomic & Cardiovascular,0,1,1
sympathetic nervous systems,Autonomic & Cardiovascular,0,1,1
sympathetic overactivation,Autonomic & Cardiovascular,0,1,1
sympathetic vasomotor control,Autonomic & Cardiovascular,0,1,1
sympathetic-parasympathetic balance,Autonomic & Cardiovascular,1,0,1
sympatho-vagal interaction,Autonomic & Cardiovascular,0,1,1
synaptic plasticity,Stroke & Brain Injury,1,2,3
systemic cytokine concentrations,Inflammation & Immunity,0,1,1
systemic oxidative stress,Inflammation & Immunity,0,1,1
systo-diastolic bps,Autonomic & Cardiovascular,0,1,1
systolic blood pressure coefficient,Autonomic & Cardiovascular,1,0,1
systolic blood pressure variability,Autonomic & Cardiovascular,1,1,2
systolic bp,Autonomic & Cardiovascular,0,2,2
t cells,Inflammation & Immunity,1,0,1
t-cell immunoglobulin,Inflammation & Immunity,1,0,1
tachypnea,Autonomic & Cardiovascular,0,1,1
tachypnea tachycardia hypertension,Autonomic & Cardiovascular,0,1,1
targeted biomarker analysis,Inflammation & Immunity,0,1,1
targeted neuromodulatory approach,Cognitive Function,0,1,1
targeting noninvasive neuromodulation,Cognitive Function,1,0,1
targeting stress-related cognitive disorders,Autonomic & Cardiovascular,1,0,1
tbi-induced dysregulation,Inflammation & Immunity,0,1,1
tension worry,Autonomic & Cardiovascular,0,1,1
tgf beta,Inflammation & Immunity,0,1,1
tgf beta r2,Inflammation & Immunity,0,1,1
time-varying cardiorespiratory rhythms,Autonomic & Cardiovascular,1,0,1
tnbs,Inflammation & Immunity,1,0,1
tnf- alpha il-6,Inflammation & Immunity,1,0,1
tnf-alpha,Inflammation & Immunity,0,1,1
tnf-alpha expression,Inflammation & Immunity,1,0,1
tnf-alpha showing dose-dependent m-csf suppression,Inflammation & Immunity,0,1,1
to-beat deceleration,Autonomic & Cardiovascular,1,0,1
toll-like receptor,Inflammation & Immunity,1,0,1
transcriptomic analysis,Inflammation & Immunity,0,2,2
transcriptomic response,Inflammation & Immunity,1,0,1
transcriptomic sequencing,Inflammation & Immunity,0,1,1
transcutaneous autonomic neuromodulation,Cognitive Function,0,1,1
transforming growth factor-,Inflammation & Immunity,1,0,1
transforming growth factor-(31,Inflammation & Immunity,1,0,1
transient ischemic attack,Stroke & Brain Injury,1,0,1
transporter protein,Inflammation & Immunity,1,0,1
transtympanic injection,Inflammation & Immunity,0,1,1
treating inflammation,Inflammation & Immunity,1,0,1
treating traumatic cerebral oedema,Stroke & Brain Injury,0,1,1
trinitrobenzene sulfonic acid,Inflammation & Immunity,1,0,1
tryptophan metabolism content,Inflammation & Immunity,1,0,1
tts rats,Animal Models,0,1,1
tts-like cardiomyopathy,Autonomic & Cardiovascular,0,1,1
tumor necrosis factor,Inflammation & Immunity,1,0,1
tumor necrosis factor-alpha interleukin,Inflammation & Immunity,0,1,1
tumor-induced inflammatory cytokines,Inflammation & Immunity,1,0,1
tumour necrosis factor,Inflammation & Immunity,1,0,1
tumour necrosis factor-alpha level,Inflammation & Immunity,0,1,1
tunel staining,Inflammation & Immunity,0,1,1
type 1 diabetes,Inflammation & Immunity,1,0,1
type 2 diabetes,Inflammation & Immunity,1,0,1
type 2 diabetes mellitus,Inflammation & Immunity,1,1,2
uc rats,Animal Models,0,1,1
unclear elevated level,Inflammation & Immunity,1,0,1
uncoupling protein,Inflammation & Immunity,1,0,1
undergoing off-pump coronary artery bypass,Autonomic & Cardiovascular,0,1,1
uterine perfusion pressure method,Autonomic & Cardiovascular,1,0,1
utilized capsaicin,Inflammation & Immunity,0,1,1
vagally-mediated heart rate variability,Autonomic & Cardiovascular,1,0,1
vagus biomarker,Inflammation & Immunity,0,1,1
validated biomarkers,Inflammation & Immunity,0,1,1
valproic acid,Inflammation & Immunity,1,0,1
variable autonomic responsiveness,Autonomic & Cardiovascular,0,1,1
various hepatic diseases,Inflammation & Immunity,1,0,1
various lipid indicators,Inflammation & Immunity,1,0,1
vascular disorders,Stroke & Brain Injury,1,0,1
vascular endothelial dysfunction,Stroke & Brain Injury,1,0,1
vascular proteomics,Stroke & Brain Injury,1,0,1
vdac1 signal pathway,Inflammation & Immunity,1,0,1
ve rats,Animal Models,1,0,1
venous blood sample,Stroke & Brain Injury,1,0,1
ventricular dysfunction,Autonomic & Cardiovascular,0,1,1
ventricular ejection fraction,Autonomic & Cardiovascular,2,1,3
ventricular electrical remodeling,Autonomic & Cardiovascular,0,1,1
ventricular hypertrophy,Autonomic & Cardiovascular,1,0,1
ventricular systolic function,Autonomic & Cardiovascular,0,1,1
vh rats,Animal Models,0,1,1
visceral fat area,Inflammation & Immunity,1,0,1
visualizing blood vessels,Stroke & Brain Injury,1,0,1
vitro raw264,Animal Models,0,1,1
vitro study,Animal Models,0,1,1
vma plasticity,Stroke & Brain Injury,0,1,1
vns-mediated plasticity,Stroke & Brain Injury,1,0,1
vpa autism model,Animal Models,1,0,1
vpa-induced adult autism model,Animal Models,1,0,1
vpa-induced mouse model,Animal Models,1,0,1
wearable neurotechnology,Cognitive Function,1,0,1
week-old mice,Animal Models,1,0,1
weight dai,Inflammation & Immunity,0,1,1
well-established regulator,Inflammation & Immunity,1,0,1
well-tolerated neuromodulation approach,Cognitive Function,1,0,1
western blotting elisa immunofluorescence,Inflammation & Immunity,0,1,1
wet weight,Inflammation & Immunity,1,0,1
zdc value,Animal Models,1,0,1
zo-1 indicating barrier disruption,Animal Models,0,1,1
